# mass in units of Daltons
# Lasted pulled from https://www.ciaaw.org/atomic-masses.htm on 2020-04-25
Symbol,Element,decays,A,Z,mass,unc
H,hydrogen,False,1,1,1.0078250322,6
H,hydrogen,False,2,1,2.0141017781,8
He,helium,False,3,2,3.016029322,2
He,helium,False,4,2,4.0026032545,4
Li,lithium,False,6,3,6.01512289,1
Li,lithium,False,7,3,7.01600344,3
Be,beryllium,False,9,4,9.0121831,5
B,boron,False,10,5,10.0129369,1
B,boron,False,11,5,11.00930517,8
C,carbon,False,12,6,12.0,exact
C,carbon,False,13,6,13.003354835,2
N,nitrogen,False,14,7,14.003074004,2
N,nitrogen,False,15,7,15.000108899,4
O,oxygen,False,16,8,15.994914619,1
O,oxygen,False,17,8,16.999131757,5
O,oxygen,False,18,8,17.999159613,5
F,fluorine,False,19,9,18.998403163,6
Ne,neon,False,20,10,19.99244018,1
Ne,neon,False,21,10,20.9938467,3
Ne,neon,False,22,10,21.9913851,1
Na,sodium,False,23,11,22.98976928,2
Mg,magnesium,False,24,12,23.9850417,9
Mg,magnesium,False,25,12,24.985837,3
Mg,magnesium,False,26,12,25.982593,2
Al,aluminium,False,27,13,26.9815384,3
Si,silicon,False,28,14,27.976926535,3
Si,silicon,False,29,14,28.976494665,4
Si,silicon,False,30,14,29.9737701,2
P,phosphorous,False,31,15,30.973761998,5
S,sulfur,False,32,16,31.972071174,9
S,sulfur,False,33,16,32.97145891,1
S,sulfur,False,34,16,33.967867,3
S,sulfur,False,36,16,35.967081,2
Cl,chlorine,False,35,17,34.9688527,3
Cl,chlorine,False,37,17,36.9659026,4
Ar,argon,False,36,18,35.9675451,2
Ar,argon,False,38,18,37.962732,2
Ar,argon,False,40,18,39.96238312,2
K,potassium,False,39,19,38.96370649,3
K,potassium,True,40,19,39.9639982,4
K,potassium,False,41,19,40.96182526,3
Ca,calcium,False,40,20,39.9625909,2
Ca,calcium,False,42,20,41.958618,1
Ca,calcium,False,43,20,42.958766,2
Ca,calcium,False,44,20,43.955481,2
Ca,calcium,False,46,20,45.95369,2
Ca,calcium,True,48,20,47.9525229,6
Sc,scandium,False,45,21,44.955908,5
Ti,titanium,False,46,22,45.952627,1
Ti,titanium,False,47,22,46.9517577,8
Ti,titanium,False,48,22,47.9479409,8
Ti,titanium,False,49,22,48.9478646,8
Ti,titanium,False,50,22,49.9447858,8
V,vanadium,True,50,23,49.947156,3
V,vanadium,False,51,23,50.943957,3
Cr,chromium,False,50,24,49.946041,3
Cr,chromium,False,52,24,51.940505,3
Cr,chromium,False,53,24,52.940647,3
Cr,chromium,False,54,24,53.938878,3
Mn,manganese,False,55,25,54.938043,2
Fe,iron,False,54,26,53.939608,3
Fe,iron,False,56,26,55.934936,2
Fe,iron,False,57,26,56.935392,2
Fe,iron,False,58,26,57.933274,3
Co,cobalt,False,59,27,58.933194,3
Ni,nickel,False,58,28,57.935342,3
Ni,nickel,False,60,28,59.930785,3
Ni,nickel,False,61,28,60.931055,3
Ni,nickel,False,62,28,61.928345,3
Ni,nickel,False,64,28,63.927966,3
Cu,copper,False,63,29,62.929597,3
Cu,copper,False,65,29,64.92779,5
Zn,zinc,False,64,30,63.929142,5
Zn,zinc,False,66,30,65.926034,5
Zn,zinc,False,67,30,66.927127,5
Zn,zinc,False,68,30,67.924844,5
Zn,zinc,False,70,30,69.92532,2
Ga,gallium,False,69,31,68.925573,8
Ga,gallium,False,71,31,70.924702,6
Ge,germanium,False,70,32,69.924249,6
Ge,germanium,False,72,32,71.9220758,5
Ge,germanium,False,73,32,72.923459,4
Ge,germanium,False,74,32,73.92117776,8
Ge,germanium,True,76,32,75.9214027,1
As,arsenic,False,75,33,74.921595,6
Se,selenium,False,74,34,73.9224759,1
Se,selenium,False,76,34,75.9192137,1
Se,selenium,False,77,34,76.9199141,5
Se,selenium,False,78,34,77.917309,1
Se,selenium,False,80,34,79.916522,6
Se,selenium,True,82,34,81.916699,3
Br,bromine,False,79,35,78.918338,7
Br,bromine,False,81,35,80.916288,6
Kr,krypton,True,78,36,77.920366,2
Kr,krypton,False,80,36,79.916378,5
Kr,krypton,False,82,36,81.91348115,4
Kr,krypton,False,83,36,82.91412652,6
Kr,krypton,False,84,36,83.91149773,3
Kr,krypton,False,86,36,85.91061063,3
Rb,rubidium,False,85,37,84.91178974,3
Rb,rubidium,True,87,37,86.90918053,4
Sr,strontium,False,84,38,83.913419,8
Sr,strontium,False,86,38,85.90926073,4
Sr,strontium,False,87,38,86.9088775,3
Sr,strontium,False,88,38,87.90561226,4
Y,yttrium,False,89,39,88.90584,1
Zr,zirconium,False,90,40,89.9046988,8
Zr,zirconium,False,91,40,90.9056402,7
Zr,zirconium,False,92,40,91.9050353,7
Zr,zirconium,False,94,40,93.906313,1
Zr,zirconium,True,96,40,95.9082776,8
Nb,niobium,False,93,41,92.90637,1
Mo,molybdenum,False,92,42,91.906807,1
Mo,molybdenum,False,94,42,93.905084,1
Mo,molybdenum,False,95,42,94.9058374,8
Mo,molybdenum,False,96,42,95.9046748,8
Mo,molybdenum,False,97,42,96.906017,1
Mo,molybdenum,False,98,42,97.905404,1
Mo,molybdenum,True,100,42,99.907468,2
Ru,ruthenium,False,96,44,95.907589,1
Ru,ruthenium,False,98,44,97.90529,5
Ru,ruthenium,False,99,44,98.90593,3
Ru,ruthenium,False,100,44,99.904211,3
Ru,ruthenium,False,101,44,100.905573,3
Ru,ruthenium,False,102,44,101.90434,3
Ru,ruthenium,False,104,44,103.90543,2
Rh,rhodium,False,103,45,102.90549,2
Pd,palladium,False,102,46,101.905632,4
Pd,palladium,False,104,46,103.90403,9
Pd,palladium,False,105,46,104.905079,8
Pd,palladium,False,106,46,105.90348,8
Pd,palladium,False,108,46,107.903892,8
Pd,palladium,False,110,46,109.905173,5
Ag,silver,False,107,47,106.90509,2
Ag,silver,False,109,47,108.904756,9
Cd,cadmium,False,106,48,105.90646,8
Cd,cadmium,False,108,48,107.904184,8
Cd,cadmium,False,110,48,109.903008,3
Cd,cadmium,False,111,48,110.904184,3
Cd,cadmium,False,112,48,111.902764,2
Cd,cadmium,True,113,48,112.904408,2
Cd,cadmium,False,114,48,113.903365,2
Cd,cadmium,True,116,48,115.904763,1
In,indium,False,113,49,112.90406,2
In,indium,True,115,49,114.90387877,8
Sn,tin,False,112,50,111.904825,2
Sn,tin,False,114,50,113.9027801,2
Sn,tin,False,115,50,114.9033447,1
Sn,tin,False,116,50,115.9017428,6
Sn,tin,False,117,50,116.902954,3
Sn,tin,False,118,50,117.901607,3
Sn,tin,False,119,50,118.903311,5
Sn,tin,False,120,50,119.902202,6
Sn,tin,False,122,50,121.90344,2
Sn,tin,False,124,50,123.905277,7
Sb,antimony,False,121,51,120.90381,2
Sb,antimony,False,123,51,122.90421,1
Te,tellurium,False,120,52,119.90406,2
Te,tellurium,False,122,52,121.90304,1
Te,tellurium,False,123,52,122.90427,1
Te,tellurium,False,124,52,123.90282,1
Te,tellurium,False,125,52,124.90443,1
Te,tellurium,False,126,52,125.90331,1
Te,tellurium,True,128,52,127.904461,6
Te,tellurium,True,130,52,129.90622275,8
I,iodine,False,127,53,126.90447,3
Xe,xenon,False,124,54,123.90589,1
Xe,xenon,False,126,54,125.9043,3
Xe,xenon,False,128,54,127.903531,7
Xe,xenon,False,129,54,128.90478086,4
Xe,xenon,False,130,54,129.90350935,6
Xe,xenon,False,131,54,130.90508414,6
Xe,xenon,False,132,54,131.90415509,4
Xe,xenon,False,134,54,133.90539303,6
Xe,xenon,True,136,54,135.90721448,5
Cs,caesium,False,133,55,132.90545196,6
Ba,barium,True,130,56,129.90632,2
Ba,barium,False,132,56,131.905061,7
Ba,barium,False,134,56,133.904508,2
Ba,barium,False,135,56,134.905689,2
Ba,barium,False,136,56,135.904576,2
Ba,barium,False,137,56,136.905827,2
Ba,barium,False,138,56,137.905247,2
La,lanthanum,True,138,57,137.90712,2
La,lanthanum,False,139,57,138.90636,2
Ce,cerium,False,136,58,135.907129,3
Ce,cerium,False,138,58,137.90599,3
Ce,cerium,False,140,58,139.90545,1
Ce,cerium,False,142,58,141.90925,2
Pr,praseodymium,False,141,59,140.90766,1
Nd,neodymium,False,142,60,141.90773,1
Nd,neodymium,False,143,60,142.90982,1
Nd,neodymium,True,144,60,143.91009,1
Nd,neodymium,False,145,60,144.91258,1
Nd,neodymium,False,146,60,145.91312,1
Nd,neodymium,False,148,60,147.9169,2
Nd,neodymium,True,150,60,149.920902,9
Sm,samarium,False,144,62,143.91201,1
Sm,samarium,True,147,62,146.9149,1
Sm,samarium,True,148,62,147.91483,1
Sm,samarium,False,149,62,148.917191,9
Sm,samarium,False,150,62,149.917282,9
Sm,samarium,False,152,62,151.919739,8
Sm,samarium,False,154,62,153.92222,1
Eu,europium,True,151,63,150.919857,9
Eu,europium,False,153,63,152.921237,9
Gd,gadolinium,False,152,64,151.919799,8
Gd,gadolinium,False,154,64,153.920873,8
Gd,gadolinium,False,155,64,154.92263,8
Gd,gadolinium,False,156,64,155.922131,8
Gd,gadolinium,False,157,64,156.923968,8
Gd,gadolinium,False,158,64,157.924112,8
Gd,gadolinium,False,160,64,159.927062,9
Tb,terbium,False,159,65,158.925354,8
Dy,dysprosium,False,156,66,155.924284,8
Dy,dysprosium,False,158,66,157.92441,2
Dy,dysprosium,False,160,66,159.925203,5
Dy,dysprosium,False,161,66,160.926939,5
Dy,dysprosium,False,162,66,161.926804,5
Dy,dysprosium,False,163,66,162.928737,5
Dy,dysprosium,False,164,66,163.929181,5
Ho,holmium,False,165,67,164.930328,7
Er,erbium,False,162,68,161.928787,6
Er,erbium,False,164,68,163.929207,5
Er,erbium,False,166,68,165.930299,8
Er,erbium,False,167,68,166.932054,8
Er,erbium,False,168,68,167.932376,8
Er,erbium,False,170,68,169.93547,1
Tm,thulium,False,169,69,168.934218,6
Yb,ytterbium,False,168,70,167.933889,8
Yb,ytterbium,False,170,70,169.93476725,7
Yb,ytterbium,False,171,70,170.93633152,9
Yb,ytterbium,False,172,70,171.93638666,9
Yb,ytterbium,False,173,70,172.93821622,8
Yb,ytterbium,False,174,70,173.93886755,8
Yb,ytterbium,False,176,70,175.9425747,1
Lu,lutetium,False,175,71,174.940777,8
Lu,lutetium,True,176,71,175.942692,8
Hf,hafnium,True,174,72,173.94005,2
Hf,hafnium,False,176,72,175.94141,1
Hf,hafnium,False,177,72,176.94323,1
Hf,hafnium,False,178,72,177.94371,1
Hf,hafnium,False,179,72,178.94583,1
Hf,hafnium,False,180,72,179.94656,1
Ta,tantalum,True,180,73,179.94747,2
Ta,tantalum,False,181,73,180.948,1
W,tungsten,True,180,74,179.94671,1
W,tungsten,False,182,74,181.948206,5
W,tungsten,False,183,74,182.950224,5
W,tungsten,False,184,74,183.950933,5
W,tungsten,False,186,74,185.954365,8
Re,rhenium,False,185,75,184.952958,6
Re,rhenium,True,187,75,186.955752,5
Os,osmium,True,184,76,183.952493,6
Os,osmium,True,186,76,185.953838,5
Os,osmium,False,187,76,186.95575,5
Os,osmium,False,188,76,187.955837,5
Os,osmium,False,189,76,188.958146,5
Os,osmium,False,190,76,189.958446,5
Os,osmium,False,192,76,191.96148,2
Ir,iridium,False,191,77,190.960591,9
Ir,iridium,False,193,77,192.962924,9
Pt,platinum,True,190,78,189.95995,5
Pt,platinum,False,192,78,191.96104,2
Pt,platinum,False,194,78,193.962683,3
Pt,platinum,False,195,78,194.964794,3
Pt,platinum,False,196,78,195.964955,3
Pt,platinum,False,198,78,197.9679,2
Au,gold,False,197,79,196.96657,4
Hg,mercury,False,196,80,195.96583,2
Hg,mercury,False,198,80,197.966769,3
Hg,mercury,False,199,80,198.968281,4
Hg,mercury,False,200,80,199.968327,4
Hg,mercury,False,201,80,200.970303,5
Hg,mercury,False,202,80,201.970644,5
Hg,mercury,False,204,80,203.973494,3
Tl,thallium,False,203,81,202.972344,8
Tl,thallium,False,205,81,204.974427,8
Pb,lead,False,204,82,203.973043,8
Pb,lead,False,206,82,205.974465,8
Pb,lead,False,207,82,206.975897,8
Pb,lead,False,208,82,207.976652,8
Bi,bismuth,True,209,83,208.9804,1
Th,thorium,True,230,90,230.033132,8
Th,thorium,True,232,90,232.03805,1
Pa,protactinium,True,231,91,231.03588,1
U,uranium,True,234,92,234.04095,8
U,uranium,True,235,92,235.043928,8
U,uranium,True,238,92,238.05079,1
